{
  "id": "MAP_BATTLE_FRONTIER_BATTLE_DOME_CORRIDOR",
  "name": "BattleFrontier_BattleDomeCorridor",
  "layout": "LAYOUT_BATTLE_FRONTIER_BATTLE_DOME_CORRIDOR",
  "music": "MUS_B_DOME_LOBBY",
  "region_map_section": "MAPSEC_BATTLE_FRONTIER",
  "requires_flash": false,
  "weather": "WEATHER_NONE",
  "map_type": "MAP_TYPE_INDOOR",
  "allow_cycling": false,
  "allow_escaping": false,
  "allow_running": false,
  "show_map_name": false,
  "battle_scene": "MAP_BATTLE_SCENE_NORMAL",
  "connections": null,
  "object_events": [
    {
      "local_id": "LOCALID_DOME_CORRIDOR_ATTENDANT",
      "graphics_id": "OBJ_EVENT_GFX_TEALA",
      "x": 23,
      "y": 5,
      "elevation": 0,
      "movement_type": "MOVEMENT_TYPE_FACE_DOWN",
      "movement_range_x": 1,
      "movement_range_y": 1,
      "trainer_type": "TRAINER_TYPE_NONE",
      "trainer_sight_or_berry_tree_id": "0",
      "script": "0x0",
      "flag": "0"
    }
  ],
  "warp_events": [
    {
      "x": 6,
      "y": 8,
      "elevation": 3,
      "dest_map": "MAP_BATTLE_FRONTIER_OUTSIDE_WEST",
      "dest_warp_id": "1"
    },
    {
      "x": 7,
      "y": 8,
      "elevation": 3,
      "dest_map": "MAP_BATTLE_FRONTIER_OUTSIDE_WEST",
      "dest_warp_id": "1"
    }
  ],
  "coord_events": [],
  "bg_events": []
}
