{
  "id": "MAP_TRAINER_HILL_ELEVATOR",
  "name": "TrainerHill_Elevator",
  "layout": "LAYOUT_BATTLE_ELEVATOR",
  "music": "MUS_B_TOWER_RS",
  "region_map_section": "MAPSEC_TRAINER_HILL",
  "requires_flash": false,
  "weather": "WEATHER_NONE",
  "map_type": "MAP_TYPE_INDOOR",
  "allow_cycling": false,
  "allow_escaping": false,
  "allow_running": false,
  "show_map_name": false,
  "battle_scene": "MAP_BATTLE_SCENE_NORMAL",
  "connections": null,
  "object_events": [
    {
      "local_id": "LOCALID_TRAINER_HILL_ELEVATOR_ATTENDANT",
      "graphics_id": "OBJ_EVENT_GFX_TEALA",
      "x": 0,
      "y": 6,
      "elevation": 3,
      "movement_type": "MOVEMENT_TYPE_FACE_DOWN",
      "movement_range_x": 1,
      "movement_range_y": 1,
      "trainer_type": "TRAINER_TYPE_NONE",
      "trainer_sight_or_berry_tree_id": "0",
      "script": "TrainerHill_Elevator_EventScript_Attendant",
      "flag": "0"
    }
  ],
  "warp_events": [
    {
      "x": 1,
      "y": 6,
      "elevation": 3,
      "dest_map": "MAP_TRAINER_HILL_ROOF",
      "dest_warp_id": "1"
    },
    {
      "x": 2,
      "y": 6,
      "elevation": 3,
      "dest_map": "MAP_TRAINER_HILL_ROOF",
      "dest_warp_id": "1"
    }
  ],
  "coord_events": [],
  "bg_events": []
}
