{
  "id": "MAP_BATTLE_FRONTIER_BATTLE_FACTORY_BATTLE_ROOM",
  "name": "BattleFrontier_BattleFactoryBattleRoom",
  "layout": "LAYOUT_BATTLE_FRONTIER_BATTLE_FACTORY_BATTLE_ROOM",
  "music": "MUS_B_FACTORY",
  "region_map_section": "MAPSEC_BATTLE_FRONTIER",
  "requires_flash": false,
  "weather": "WEATHER_NONE",
  "map_type": "MAP_TYPE_INDOOR",
  "allow_cycling": false,
  "allow_escaping": false,
  "allow_running": false,
  "show_map_name": false,
  "battle_scene": "MAP_BATTLE_SCENE_NORMAL",
  "connections": null,
  "object_events": [
    {
      "local_id": "LOCALID_FACTORY_BATTLE_SCIENTIST_1",
      "graphics_id": "OBJ_EVENT_GFX_SCIENTIST_1",
      "x": 0,
      "y": 6,
      "elevation": 0,
      "movement_type": "MOVEMENT_TYPE_FACE_DOWN",
      "movement_range_x": 1,
      "movement_range_y": 1,
      "trainer_type": "TRAINER_TYPE_NONE",
      "trainer_sight_or_berry_tree_id": "0",
      "script": "0x0",
      "flag": "0"
    },
    {
      "local_id": "LOCALID_FACTORY_BATTLE_OPPONENT",
      "graphics_id": "OBJ_EVENT_GFX_VAR_0",
      "x": 7,
      "y": 4,
      "elevation": 0,
      "movement_type": "MOVEMENT_TYPE_FACE_DOWN",
      "movement_range_x": 1,
      "movement_range_y": 1,
      "trainer_type": "TRAINER_TYPE_NONE",
      "trainer_sight_or_berry_tree_id": "0",
      "script": "0x0",
      "flag": "0"
    },
    {
      "local_id": "LOCALID_FACTORY_BATTLE_SCIENTIST_2",
      "graphics_id": "OBJ_EVENT_GFX_SCIENTIST_1",
      "x": 0,
      "y": 4,
      "elevation": 0,
      "movement_type": "MOVEMENT_TYPE_FACE_DOWN",
      "movement_range_x": 1,
      "movement_range_y": 1,
      "trainer_type": "TRAINER_TYPE_NONE",
      "trainer_sight_or_berry_tree_id": "0",
      "script": "0x0",
      "flag": "0"
    },
    {
      "local_id": "LOCALID_FACTORY_BATTLE_SCIENTIST_3",
      "graphics_id": "OBJ_EVENT_GFX_SCIENTIST_1",
      "x": 0,
      "y": 8,
      "elevation": 0,
      "movement_type": "MOVEMENT_TYPE_FACE_DOWN",
      "movement_range_x": 1,
      "movement_range_y": 1,
      "trainer_type": "TRAINER_TYPE_NONE",
      "trainer_sight_or_berry_tree_id": "0",
      "script": "0x0",
      "flag": "0"
    },
    {
      "local_id": "LOCALID_FACTORY_BATTLE_SCIENTIST_4",
      "graphics_id": "OBJ_EVENT_GFX_SCIENTIST_1",
      "x": 12,
      "y": 4,
      "elevation": 0,
      "movement_type": "MOVEMENT_TYPE_FACE_DOWN",
      "movement_range_x": 1,
      "movement_range_y": 1,
      "trainer_type": "TRAINER_TYPE_NONE",
      "trainer_sight_or_berry_tree_id": "0",
      "script": "0x0",
      "flag": "0"
    },
    {
      "local_id": "LOCALID_FACTORY_BATTLE_SCIENTIST_5",
      "graphics_id": "OBJ_EVENT_GFX_SCIENTIST_1",
      "x": 12,
      "y": 6,
      "elevation": 0,
      "movement_type": "MOVEMENT_TYPE_FACE_DOWN",
      "movement_range_x": 1,
      "movement_range_y": 1,
      "trainer_type": "TRAINER_TYPE_NONE",
      "trainer_sight_or_berry_tree_id": "0",
      "script": "0x0",
      "flag": "0"
    },
    {
      "local_id": "LOCALID_FACTORY_BATTLE_SCIENTIST_6",
      "graphics_id": "OBJ_EVENT_GFX_SCIENTIST_1",
      "x": 12,
      "y": 8,
      "elevation": 0,
      "movement_type": "MOVEMENT_TYPE_FACE_DOWN",
      "movement_range_x": 1,
      "movement_range_y": 1,
      "trainer_type": "TRAINER_TYPE_NONE",
      "trainer_sight_or_berry_tree_id": "0",
      "script": "0x0",
      "flag": "0"
    },
    {
      "local_id": "LOCALID_FACTORY_BATTLE_PLAYER",
      "graphics_id": "OBJ_EVENT_GFX_VAR_F",
      "x": 5,
      "y": 11,
      "elevation": 0,
      "movement_type": "MOVEMENT_TYPE_FACE_UP",
      "movement_range_x": 1,
      "movement_range_y": 1,
      "trainer_type": "TRAINER_TYPE_NONE",
      "trainer_sight_or_berry_tree_id": "0",
      "script": "0x0",
      "flag": "0"
    }
  ],
  "warp_events": [],
  "coord_events": [],
  "bg_events": []
}
