{
  "id": "MAP_MT_PYRE_4F",
  "name": "MtPyre_4F",
  "layout": "LAYOUT_MT_PYRE_4F",
  "music": "MUS_MT_PYRE",
  "region_map_section": "MAPSEC_MT_PYRE",
  "requires_flash": false,
  "weather": "WEATHER_NONE",
  "map_type": "MAP_TYPE_INDOOR",
  "allow_cycling": false,
  "allow_escaping": false,
  "allow_running": false,
  "show_map_name": true,
  "battle_scene": "MAP_BATTLE_SCENE_NORMAL",
  "connections": null,
  "object_events": [
    {
      "graphics_id": "OBJ_EVENT_GFX_HEX_MANIAC",
      "x": 11,
      "y": 7,
      "elevation": 3,
      "movement_type": "MOVEMENT_TYPE_ROTATE_CLOCKWISE",
      "movement_range_x": 1,
      "movement_range_y": 1,
      "trainer_type": "TRAINER_TYPE_NORMAL",
      "trainer_sight_or_berry_tree_id": "2",
      "script": "MtPyre_4F_EventScript_Tasha",
      "flag": "0"
    },
    {
      "graphics_id": "OBJ_EVENT_GFX_ITEM_BALL",
      "x": 3,
      "y": 11,
      "elevation": 3,
      "movement_type": "MOVEMENT_TYPE_LOOK_AROUND",
      "movement_range_x": 1,
      "movement_range_y": 1,
      "trainer_type": "TRAINER_TYPE_NONE",
      "trainer_sight_or_berry_tree_id": "ITEM_SEA_INCENSE",
      "script": "Common_EventScript_FindItem",
      "flag": "FLAG_ITEM_MT_PYRE_4F_SEA_INCENSE"
    }
  ],
  "warp_events": [
    {
      "x": 10,
      "y": 1,
      "elevation": 3,
      "dest_map": "MAP_MT_PYRE_5F",
      "dest_warp_id": "1"
    },
    {
      "x": 2,
      "y": 5,
      "elevation": 3,
      "dest_map": "MAP_MT_PYRE_3F",
      "dest_warp_id": "1"
    },
    {
      "x": 12,
      "y": 10,
      "elevation": 3,
      "dest_map": "MAP_MT_PYRE_5F",
      "dest_warp_id": "3"
    },
    {
      "x": 12,
      "y": 12,
      "elevation": 3,
      "dest_map": "MAP_MT_PYRE_5F",
      "dest_warp_id": "4"
    },
    {
      "x": 9,
      "y": 10,
      "elevation": 3,
      "dest_map": "MAP_MT_PYRE_3F",
      "dest_warp_id": "2"
    },
    {
      "x": 2,
      "y": 12,
      "elevation": 3,
      "dest_map": "MAP_MT_PYRE_3F",
      "dest_warp_id": "3"
    }
  ],
  "coord_events": [],
  "bg_events": []
}
