{
  "id": "MAP_UNDERWATER_ROUTE125",
  "name": "Underwater_Route125",
  "layout": "LAYOUT_UNDERWATER_ROUTE125",
  "music": "MUS_UNDERWATER",
  "region_map_section": "MAPSEC_UNDERWATER_125",
  "requires_flash": false,
  "weather": "WEATHER_UNDERWATER_BUBBLES",
  "map_type": "MAP_TYPE_UNDERWATER",
  "allow_cycling": true,
  "allow_escaping": false,
  "allow_running": true,
  "show_map_name": true,
  "battle_scene": "MAP_BATTLE_SCENE_NORMAL",
  "connections": [
    {
      "map": "MAP_ROUTE125",
      "offset": 0,
      "direction": "emerge"
    }
  ],
  "object_events": [],
  "warp_events": [
    {
      "x": 22,
      "y": 10,
      "elevation": 0,
      "dest_map": "MAP_UNDERWATER_MARINE_CAVE",
      "dest_warp_id": "0"
    },
    {
      "x": 45,
      "y": 30,
      "elevation": 0,
      "dest_map": "MAP_UNDERWATER_MARINE_CAVE",
      "dest_warp_id": "0"
    }
  ],
  "coord_events": [],
  "bg_events": []
}
