{
  "id": "MAP_RUSTBORO_CITY_DEVON_CORP_2F",
  "name": "RustboroCity_DevonCorp_2F",
  "layout": "LAYOUT_RUSTBORO_CITY_DEVON_CORP_2F",
  "music": "MUS_RUSTBORO",
  "region_map_section": "MAPSEC_RUSTBORO_CITY",
  "requires_flash": false,
  "weather": "WEATHER_NONE",
  "map_type": "MAP_TYPE_INDOOR",
  "allow_cycling": false,
  "allow_escaping": false,
  "allow_running": false,
  "show_map_name": false,
  "battle_scene": "MAP_BATTLE_SCENE_NORMAL",
  "connections": null,
  "object_events": [
    {
      "graphics_id": "OBJ_EVENT_GFX_SCIENTIST_1",
      "x": 6,
      "y": 5,
      "elevation": 3,
      "movement_type": "MOVEMENT_TYPE_FACE_UP",
      "movement_range_x": 0,
      "movement_range_y": 0,
      "trainer_type": "TRAINER_TYPE_NONE",
      "trainer_sight_or_berry_tree_id": "0",
      "script": "RustboroCity_DevonCorp_2F_EventScript_TalkToPokemonScientist",
      "flag": "0"
    },
    {
      "graphics_id": "OBJ_EVENT_GFX_SCIENTIST_1",
      "x": 1,
      "y": 5,
      "elevation": 3,
      "movement_type": "MOVEMENT_TYPE_FACE_RIGHT",
      "movement_range_x": 0,
      "movement_range_y": 0,
      "trainer_type": "TRAINER_TYPE_NONE",
      "trainer_sight_or_berry_tree_id": "0",
      "script": "RustboroCity_DevonCorp_2F_EventScript_BallScientist",
      "flag": "0"
    },
    {
      "graphics_id": "OBJ_EVENT_GFX_SCIENTIST_1",
      "x": 2,
      "y": 6,
      "elevation": 3,
      "movement_type": "MOVEMENT_TYPE_FACE_UP_AND_LEFT",
      "movement_range_x": 0,
      "movement_range_y": 0,
      "trainer_type": "TRAINER_TYPE_NONE",
      "trainer_sight_or_berry_tree_id": "0",
      "script": "RustboroCity_DevonCorp_2F_EventScript_PokenavScientist",
      "flag": "0"
    },
    {
      "graphics_id": "OBJ_EVENT_GFX_SCIENTIST_1",
      "x": 10,
      "y": 5,
      "elevation": 3,
      "movement_type": "MOVEMENT_TYPE_FACE_UP",
      "movement_range_x": 0,
      "movement_range_y": 10,
      "trainer_type": "TRAINER_TYPE_NONE",
      "trainer_sight_or_berry_tree_id": "0",
      "script": "RustboroCity_DevonCorp_2F_EventScript_PokemonDreamsScientist",
      "flag": "0"
    },
    {
      "local_id": "LOCALID_FOSSIL_SCIENTIST",
      "graphics_id": "OBJ_EVENT_GFX_SCIENTIST_1",
      "x": 14,
      "y": 8,
      "elevation": 3,
      "movement_type": "MOVEMENT_TYPE_FACE_UP",
      "movement_range_x": 1,
      "movement_range_y": 1,
      "trainer_type": "TRAINER_TYPE_NONE",
      "trainer_sight_or_berry_tree_id": "0",
      "script": "RustboroCity_DevonCorp_2F_EventScript_FossilScientist",
      "flag": "0"
    },
    {
      "graphics_id": "OBJ_EVENT_GFX_SCIENTIST_1",
      "x": 14,
      "y": 5,
      "elevation": 3,
      "movement_type": "MOVEMENT_TYPE_FACE_UP",
      "movement_range_x": 1,
      "movement_range_y": 1,
      "trainer_type": "TRAINER_TYPE_NONE",
      "trainer_sight_or_berry_tree_id": "0",
      "script": "RustboroCity_DevonCorp_2F_EventScript_MatchCallScientist",
      "flag": "0"
    }
  ],
  "warp_events": [
    {
      "x": 14,
      "y": 1,
      "elevation": 0,
      "dest_map": "MAP_RUSTBORO_CITY_DEVON_CORP_1F",
      "dest_warp_id": "2"
    },
    {
      "x": 2,
      "y": 1,
      "elevation": 0,
      "dest_map": "MAP_RUSTBORO_CITY_DEVON_CORP_3F",
      "dest_warp_id": "0"
    }
  ],
  "coord_events": [],
  "bg_events": []
}
