{
  "id": "MAP_BATTLE_FRONTIER_BATTLE_DOME_BATTLE_ROOM",
  "name": "BattleFrontier_BattleDomeBattleRoom",
  "layout": "LAYOUT_BATTLE_FRONTIER_BATTLE_DOME_BATTLE_ROOM",
  "music": "MUS_B_DOME",
  "region_map_section": "MAPSEC_BATTLE_FRONTIER",
  "requires_flash": false,
  "weather": "WEATHER_NONE",
  "map_type": "MAP_TYPE_INDOOR",
  "allow_cycling": false,
  "allow_escaping": false,
  "allow_running": false,
  "show_map_name": false,
  "battle_scene": "MAP_BATTLE_SCENE_NORMAL",
  "connections": null,
  "object_events": [
    {
      "local_id": "LOCALID_DOME_ANNOUNCER",
      "graphics_id": "OBJ_EVENT_GFX_REPORTER_M",
      "x": 5,
      "y": 4,
      "elevation": 0,
      "movement_type": "MOVEMENT_TYPE_FACE_DOWN",
      "movement_range_x": 1,
      "movement_range_y": 1,
      "trainer_type": "TRAINER_TYPE_NONE",
      "trainer_sight_or_berry_tree_id": "0",
      "script": "0x0",
      "flag": "0"
    },
    {
      "local_id": "LOCALID_DOME_AUDIENCE_TWIN",
      "graphics_id": "OBJ_EVENT_GFX_TWIN",
      "x": 7,
      "y": 2,
      "elevation": 0,
      "movement_type": "MOVEMENT_TYPE_FACE_DOWN",
      "movement_range_x": 1,
      "movement_range_y": 1,
      "trainer_type": "TRAINER_TYPE_NONE",
      "trainer_sight_or_berry_tree_id": "0",
      "script": "0x0",
      "flag": "0"
    },
    {
      "graphics_id": "OBJ_EVENT_GFX_BOY_1",
      "x": 9,
      "y": 2,
      "elevation": 0,
      "movement_type": "MOVEMENT_TYPE_FACE_DOWN",
      "movement_range_x": 1,
      "movement_range_y": 1,
      "trainer_type": "TRAINER_TYPE_NONE",
      "trainer_sight_or_berry_tree_id": "0",
      "script": "0x0",
      "flag": "0"
    },
    {
      "graphics_id": "OBJ_EVENT_GFX_BOY_2",
      "x": 11,
      "y": 2,
      "elevation": 0,
      "movement_type": "MOVEMENT_TYPE_FACE_DOWN",
      "movement_range_x": 1,
      "movement_range_y": 1,
      "trainer_type": "TRAINER_TYPE_NONE",
      "trainer_sight_or_berry_tree_id": "0",
      "script": "0x0",
      "flag": "0"
    },
    {
      "graphics_id": "OBJ_EVENT_GFX_NINJA_BOY",
      "x": 16,
      "y": 2,
      "elevation": 0,
      "movement_type": "MOVEMENT_TYPE_FACE_DOWN",
      "movement_range_x": 1,
      "movement_range_y": 1,
      "trainer_type": "TRAINER_TYPE_NONE",
      "trainer_sight_or_berry_tree_id": "0",
      "script": "0x0",
      "flag": "0"
    },
    {
      "local_id": "LOCALID_DOME_AUDIENCE_WALKING",
      "graphics_id": "OBJ_EVENT_GFX_MAN_1",
      "x": 4,
      "y": 2,
      "elevation": 0,
      "movement_type": "MOVEMENT_TYPE_FACE_DOWN",
      "movement_range_x": 1,
      "movement_range_y": 1,
      "trainer_type": "TRAINER_TYPE_NONE",
      "trainer_sight_or_berry_tree_id": "0",
      "script": "0x0",
      "flag": "0"
    },
    {
      "graphics_id": "OBJ_EVENT_GFX_EXPERT_M",
      "x": 16,
      "y": 1,
      "elevation": 0,
      "movement_type": "MOVEMENT_TYPE_FACE_DOWN",
      "movement_range_x": 1,
      "movement_range_y": 1,
      "trainer_type": "TRAINER_TYPE_NONE",
      "trainer_sight_or_berry_tree_id": "0",
      "script": "0x0",
      "flag": "0"
    },
    {
      "graphics_id": "OBJ_EVENT_GFX_CAMPER",
      "x": 8,
      "y": 1,
      "elevation": 0,
      "movement_type": "MOVEMENT_TYPE_FACE_DOWN",
      "movement_range_x": 1,
      "movement_range_y": 1,
      "trainer_type": "TRAINER_TYPE_NONE",
      "trainer_sight_or_berry_tree_id": "0",
      "script": "0x0",
      "flag": "0"
    },
    {
      "local_id": "LOCALID_DOME_REFEREE",
      "graphics_id": "OBJ_EVENT_GFX_MAN_2",
      "x": 0,
      "y": 4,
      "elevation": 0,
      "movement_type": "MOVEMENT_TYPE_FACE_DOWN",
      "movement_range_x": 1,
      "movement_range_y": 1,
      "trainer_type": "TRAINER_TYPE_NONE",
      "trainer_sight_or_berry_tree_id": "0",
      "script": "0x0",
      "flag": "0"
    },
    {
      "graphics_id": "OBJ_EVENT_GFX_FAT_MAN",
      "x": 12,
      "y": 1,
      "elevation": 0,
      "movement_type": "MOVEMENT_TYPE_FACE_DOWN",
      "movement_range_x": 1,
      "movement_range_y": 1,
      "trainer_type": "TRAINER_TYPE_NONE",
      "trainer_sight_or_berry_tree_id": "0",
      "script": "0x0",
      "flag": "0"
    },
    {
      "graphics_id": "OBJ_EVENT_GFX_GIRL_2",
      "x": 13,
      "y": 2,
      "elevation": 0,
      "movement_type": "MOVEMENT_TYPE_FACE_DOWN",
      "movement_range_x": 1,
      "movement_range_y": 1,
      "trainer_type": "TRAINER_TYPE_NONE",
      "trainer_sight_or_berry_tree_id": "0",
      "script": "0x0",
      "flag": "0"
    },
    {
      "graphics_id": "OBJ_EVENT_GFX_GIRL_1",
      "x": 10,
      "y": 2,
      "elevation": 0,
      "movement_type": "MOVEMENT_TYPE_FACE_DOWN",
      "movement_range_x": 1,
      "movement_range_y": 1,
      "trainer_type": "TRAINER_TYPE_NONE",
      "trainer_sight_or_berry_tree_id": "0",
      "script": "0x0",
      "flag": "0"
    },
    {
      "local_id": "LOCALID_DOME_PLAYER",
      "graphics_id": "OBJ_EVENT_GFX_VAR_1",
      "x": 4,
      "y": 9,
      "elevation": 4,
      "movement_type": "MOVEMENT_TYPE_FACE_UP",
      "movement_range_x": 1,
      "movement_range_y": 1,
      "trainer_type": "TRAINER_TYPE_NONE",
      "trainer_sight_or_berry_tree_id": "0",
      "script": "0x0",
      "flag": "0"
    },
    {
      "graphics_id": "OBJ_EVENT_GFX_WOMAN_3",
      "x": 14,
      "y": 2,
      "elevation": 0,
      "movement_type": "MOVEMENT_TYPE_FACE_DOWN",
      "movement_range_x": 1,
      "movement_range_y": 1,
      "trainer_type": "TRAINER_TYPE_NONE",
      "trainer_sight_or_berry_tree_id": "0",
      "script": "0x0",
      "flag": "0"
    },
    {
      "local_id": "LOCALID_DOME_OPPONENT",
      "graphics_id": "OBJ_EVENT_GFX_VAR_0",
      "x": 11,
      "y": 6,
      "elevation": 0,
      "movement_type": "MOVEMENT_TYPE_FACE_LEFT",
      "movement_range_x": 1,
      "movement_range_y": 1,
      "trainer_type": "TRAINER_TYPE_NONE",
      "trainer_sight_or_berry_tree_id": "0",
      "script": "0x0",
      "flag": "0"
    }
  ],
  "warp_events": [],
  "coord_events": [],
  "bg_events": []
}
